{"cameraMode":{"drawMode":0,"name":"Shaded","section":"Shading Mode"},"sceneLighting":false,"audioPlay":false,"sceneViewState":{"showFog":true,"showMaterialUpdate":false,"showSkybox":false,"showFlares":true,"showImageEffects":true,"showParticleSystems":true},"in2DMode":false,"pivot":{"x":0.30000001192092898,"y":0.0010000000474974514,"z":0.0},"rotation":{"x":0.0006746544968336821,"y":-0.9971485733985901,"z":0.07492633908987045,"w":0.00896501075476408},"size":0.23334524035453797,"orthographic":false}