{"cameraMode":{"drawMode":0,"name":"Shaded","section":"Shading Mode"},"sceneLighting":false,"audioPlay":false,"sceneViewState":{"showFog":true,"showMaterialUpdate":false,"showSkybox":false,"showFlares":true,"showImageEffects":true,"showParticleSystems":true},"in2DMode":false,"pivot":{"x":0.9459999799728394,"y":0.27568548917770388,"z":-0.0002651810646057129},"rotation":{"x":-0.0017991566564887763,"y":-0.9886998534202576,"z":0.14942704141139985,"w":-0.011873512528836728},"size":2.8578836917877199,"orthographic":false}