{
   "objects":[
      {
         "graspPoint":{
            "x":0.096029877662658691,
            "y":0.19761958718299866,
            "z":0.022348523139953613
         },
         "startPoint":{
            "x":0.11226937174797058,
            "y":0.20105952024459839,
            "z":0.0
         },
         "endPoint":{
            "x":0.084586352109909058,
            "y":0.19434428215026855,
            "z":0.023434996604919434
         },
         "rotation":{
            "x":0.0,
            "y":0.0,
            "z":-0.23537672962164163,
            "w":0.97190421089355339
         },
         "color":[
            0.68235296,
            0.6509804,
            0.113725491
         ],
         "type":"",
         "probability":0.91125000000000012,
         "timestamp":{
            "secs":1582281202,
            "nsecs":350335647
         }
      },
      {
         "graspPoint":{
            "x":0.079610854387283325,
            "y":0.24956318736076355,
            "z":0.021139919757843018
         },
         "startPoint":{
            "x":0.067129284143447876,
            "y":0.25307023525238037,
            "z":0.0
         },
         "endPoint":{
            "x":0.095428884029388428,
            "y":0.249508798122406,
            "z":0.024242699146270752
         },
         "rotation":{
            "x":0.0,
            "y":0.0,
            "z":0.29571007415410788,
            "w":0.95527773555326412
         },
         "color":[
            0.2627451,
            0.454901963,
            0.619607866
         ],
         "type":"",
         "probability":1.0,
         "timestamp":{
            "secs":1582281202,
            "nsecs":350335647
         }
      },
      {
         "graspPoint":{
            "x":0.054591119289398193,
            "y":0.20509150624275208,
            "z":0.021630048751831055
         },
         "startPoint":{
            "x":0.045707255601882935,
            "y":0.2120932936668396,
            "z":0.0
         },
         "endPoint":{
            "x":0.10217386484146118,
            "y":0.1009344607591629,
            "z":0.07802659273147583
         },
         "rotation":{
            "x":0.0,
            "y":0.0,
            "z":-0.54376614341103324,
            "w":0.83923678498972609
         },
         "color":[
            0.858823538,
            0.847058833,
            0.20784314
         ],
         "type":"",
         "probability":1.0,
         "timestamp":{
            "secs":1582281202,
            "nsecs":350335647
         }
      },
      {
         "graspPoint":{
            "x":0.097742170095443726,
            "y":0.039042487740516663,
            "z":0.018371105194091797
         },
         "startPoint":{
            "x":0.05658799409866333,
            "y":0.11622200161218643,
            "z":0.0
         },
         "endPoint":{
            "x":0.10585674643516541,
            "y":0.030511513352394104,
            "z":0.049028515815734863
         },
         "rotation":{
            "x":0.0,
            "y":0.0,
            "z":-0.04608979972219359,
            "w":0.99893730051568708
         },
         "color":[
            0.8156863,
            0.7921569,
            0.192156866
         ],
         "type":"",
         "probability":1.0,
         "timestamp":{
            "secs":1582281202,
            "nsecs":350335647
         }
      },
      {
         "graspPoint":{
            "x":0.13035166263580322,
            "y":0.15971013903617859,
            "z":0.022322654724121094
         },
         "startPoint":{
            "x":0.11789941787719727,
            "y":0.16192211210727692,
            "z":0.0
         },
         "endPoint":{
            "x":0.14311584830284119,
            "y":0.15075576305389404,
            "z":0.024279654026031494
         },
         "rotation":{
            "x":0.0,
            "y":0.0,
            "z":-0.012373217156527934,
            "w":0.999923448818557
         },
         "color":[
            0.847058833,
            0.827451,
            0.1764706
         ],
         "type":"",
         "probability":1.0,
         "timestamp":{
            "secs":1582281202,
            "nsecs":350335647
         }
      },
      {
         "graspPoint":{
            "x":0.099338710308074951,
            "y":0.30196762084960938,
            "z":0.022640228271484375
         },
         "startPoint":{
            "x":0.11278820037841797,
            "y":0.31175172328948975,
            "z":0.0
         },
         "endPoint":{
            "x":0.0879213809967041,
            "y":0.29437452554702759,
            "z":0.025610566139221191
         },
         "rotation":{
            "x":0.0,
            "y":0.0,
            "z":-0.058575358054505568,
            "w":0.99828298965212592
         },
         "color":[
            0.349019617,
            0.5294118,
            0.694117665
         ],
         "type":"",
         "probability":1.0,
         "timestamp":{
            "secs":1582281202,
            "nsecs":350335647
         }
      },
      {
         "graspPoint":{
            "x":0.13052535057067871,
            "y":0.21592669188976288,
            "z":0.023954093456268311
         },
         "startPoint":{
            "x":0.11717945337295532,
            "y":0.21761614084243774,
            "z":0.0
         },
         "endPoint":{
            "x":0.14736765623092651,
            "y":0.2140231728553772,
            "z":0.025929093360900879
         },
         "rotation":{
            "x":0.0,
            "y":0.0,
            "z":0.26179539670394897,
            "w":0.96512339639272138
         },
         "color":[
            0.266666681,
            0.458823532,
            0.627451
         ],
         "type":"",
         "probability":1.0,
         "timestamp":{
            "secs":1582281202,
            "nsecs":350335647
         }
      },
      {
         "graspPoint":{
            "x":0.12784475088119507,
            "y":0.269044429063797,
            "z":0.020628035068511963
         },
         "startPoint":{
            "x":0.13146117329597473,
            "y":0.28476613759994507,
            "z":0.0
         },
         "endPoint":{
            "x":0.12274089455604553,
            "y":0.257610023021698,
            "z":0.023585677146911621
         },
         "rotation":{
            "x":0.0,
            "y":0.0,
            "z":0.28906130342018216,
            "w":0.95731058850564554
         },
         "color":[
            0.847058833,
            0.831372559,
            0.258823544
         ],
         "type":"",
         "probability":1.0,
         "timestamp":{
            "secs":1582281202,
            "nsecs":350335647
         }
      },
      {
         "graspPoint":{
            "x":0.046990364789962769,
            "y":0.27784603834152222,
            "z":0.018214941024780273
         },
         "startPoint":{
            "x":0.060862600803375244,
            "y":0.27930754423141479,
            "z":0.0
         },
         "endPoint":{
            "x":0.034215733408927917,
            "y":0.27522090077400208,
            "z":0.020193994045257568
         },
         "rotation":{
            "x":0.0,
            "y":0.0,
            "z":-0.22234435381683262,
            "w":0.9749681986227936
         },
         "color":[
            0.298039228,
            0.490196079,
            0.6745098
         ],
         "type":"",
         "probability":1.0,
         "timestamp":{
            "secs":1582281202,
            "nsecs":350335647
         }
      },
      {
         "graspPoint":{
            "x":0.038123458623886108,
            "y":0.024122588336467743,
            "z":0.018943965435028076
         },
         "startPoint":{
            "x":0.041692048311233521,
            "y":0.035982847213745117,
            "z":0.0
         },
         "endPoint":{
            "x":0.03542056679725647,
            "y":0.012554705142974854,
            "z":0.020912587642669678
         },