{
   "objects":[
      {
         "graspPoint":{
            "x":0.096029877662658691,
            "y":0.19761958718299866,
            "z":0.022348523139953613
         },
         "startPoint":{
            "x":0.11226937174797058,
            "y":0.20105952024459839,
            "z":0.0
         },
         "endPoint":{
            "x":0.084586352109909058,
            "y":0.19434428215026855,
            "z":0.023434996604919434
         },
         "rotation":{
            "x":0.0,
            "y":0.0,
            "z":-0.23537672962164163,
            "w":0.97190421089355339
         },
         "color":[
            0.89235296,
            0.0509804,
            0.113725491
         ],
         "type":"",
         "probability":0.91125000000000012,
         "timestamp":{
            "secs":1582281202,
            "nsecs":350335647
         }
      },
      {
         "graspPoint":{
            "x":0.079610854387283325,
            "y":0.24956318736076355,
            "z":0.021139919757843018
         },
         "startPoint":{
            "x":0.067129284143447876,
            "y":0.25307023525238037,
            "z":0.0
         },
         "endPoint":{
            "x":0.095428884029388428,
            "y":0.249508798122406,
            "z":0.024242699146270752
         },
         "rotation":{
            "x":0.0,
            "y":0.0,
            "z":0.29571007415410788,
            "w":0.95527773555326412
         },
         "color":[
            0.2627451,
            0.454901963,
            0.889607866
         ],
         "type":"",
         "probability":1.0,
         "timestamp":{
            "secs":1582281202,
            "nsecs":350335647
         }
      },
      {
         "graspPoint":{
            "x":0.054591119289398193,
            "y":0.20509150624275208,
            "z":0.021630048751831055
         },
         "startPoint":{
            "x":0.045707255601882935,
            "y":0.2120932936668396,
            "z":0.0
         },
         "endPoint":{
            "x":0.10217386484146118,
            "y":0.1009344607591629,
            "z":0.07802659273147583
         },
         "rotation":{
            "x":0.0,
            "y":0.0,
            "z":-0.54376614341103324,
            "w":0.83923678498972609
         },
         "color":[
            0.858823538,
            0.847058833,
            0.20784314
         ],
         "type":"",
         "probability":1.0,
         "timestamp":{
            "secs":1582281202,
            "nsecs":350335647
         }
      }
   ],
   "frame_id":"pickUpLeft"
}